UDP - Reading ,,,,,
251.72744750976562,-0.998572587966919,-73.80731964111328,-5503,-43,-32301
