UDP - Reading ,,,,,
-372.20941162109375,-2.5014095306396484,-397.22955322265625,-25844,102,20142
