UDP - Reading ,,,,,
-432.5948791503906,-3.7649238109588623,-514.68212890625,13658,-354,-29782
