UDP - Reading ,,,,,
205.73748779296875,-1.288138747215271,85.72598266601562,31748,74,-8106
