UDP - Reading ,,,,,
-75.13016510009766,-2.255152463912964,117.71442413330078,30231,101,-12638
