UDP - Reading ,,,,,
365.7939758300781,-0.42500558495521545,-64.5532455444336,-8676,272,31596
