UDP - Reading ,,,,,
-559.611145,-10.19449425,464.4882202,19610,23,-26251
