UDP - Reading ,,,,,
-256.6717529296875,-2.2893388271331787,-526.1317138671875,-30156,-492,-12807
