UDP - Reading ,,,,,
126.28297424316406,-0.9447134733200073,-27.436925888061523,32071,-221,6712
