UDP - Reading ,,,,,
252.6337127685547,-1.0137335062026978,-75.0084457397461,-12991,-43,-30081
