UDP - Reading ,,,,,
-268.6663818359375,-4.670248508453369,114.66053009033203,31606,502,-8628
