UDP - Reading ,,,,,
140.87779235839844,-1.0265753269195557,-19.127731323242188,25635,-75,20407
