UDP - Reading ,,,,,
-9.320442199707031,-2.0380640029907227,70.80170440673828,23162,73,-23176
