UDP - Reading ,,,,,
44.448753356933594,-1.2361819744110107,-276.9876708984375,-24960,-100,-21228