UDP - Reading ,,,,,
-24.165058135986328,-2.731046438217163,-729.271240234375,32556,163,-3700
