UDP - Reading ,,,,,
-484.5157775878906,-9.312931060791016,360.7629089355469,19347,290,-26443
