UDP - Reading ,,,,,
242.0164031982422,-1.0560941696166992,38.30582809448242,11724,50,-30597
