UDP - Reading ,,,,,
-0.8530915379524231,-1.3512760400772095,-313.0025634765625,-25059,-90,-21110
